{
    "comment": "Sample component configuration",
    "components": {
        "yellowfinJSComponent": {
            "window": {
                "url": "$applicationRoot/components/yellowfin/jsComponent/jsComponent.html",
                "frame": false,
                "resizable": true,
                "autoShow": true,
                "top": "center",
                "left": "center",
                "width": 400,
                "height": 500
            },
            "component": {
                "inject": false
            },
            "foreign": {
                "services": {
                    "dockingService": {
                        "canGroup": true,
                        "isArrangable": true
                    }
                },
                "components": {
                    "App Launcher": {
                        "launchableByUser": false
                    },
                    "Window Manager": {
                        "FSBLHeader": true,
                        "persistWindowState": true,
                        "showLinker": true
                    },
                    "Toolbar": {
                        "iconClass": "yellowfinJSComponent"
                    }
                }
            }
        },
        "yellowfinFilterComponent": {
            "window": {
                "url": "$applicationRoot/components/yellowfin/filterComponent/filterComponent.html",
                "frame": false,
                "resizable": true,
                "autoShow": true,
                "top": "center",
                "left": "center",
                "width": 250,
                "height": 400
            },
            "component": {
                "inject": false
            },
            "foreign": {
                "services": {
                    "dockingService": {
                        "canGroup": true,
                        "isArrangable": true
                    }
                },
                "components": {
                    "App Launcher": {
                        "launchableByUser": false
                    },
                    "Window Manager": {
                        "FSBLHeader": true,
                        "persistWindowState": true
                    },
                    "Toolbar": {
                        "iconClass": "yellowfinFilterComponent"
                    }
                }
            }
        },
        "Yellowfin": {
            "window": {
                "url": "$applicationRoot/components/yellowfin/yellowfin/yellowfin.html",
                "frame": false,
                "resizable": true,
                "autoShow": true,
                "top": "center",
                "left": "center",
                "width": 1065,
                "height": 830
            },
            "component": {
                "inject": false
            },
            "foreign": {
                "services": {
                    "dockingService": {
                        "canGroup": true,
                        "isArrangable": true
                    }
                },
                "components": {
                    "App Launcher": {
                        "launchableByUser": true
                    },
                    "Window Manager": {
                        "FSBLHeader": true,
                        "persistWindowState": true
                    },
                    "Toolbar": {
                        "iconClass": "Yellowfin"
                    }
                }
            }
        },
        "Yellowfin Report Launcher": {
            "window": {
                "url": "$applicationRoot/components/yellowfin/launcher/launcher.html",
                "frame": false,
                "resizable": true,
                "autoShow": true,
                "top": "center",
                "left": "0",
                "width": 300,
                "height": 400
            },
            "component": {
                "inject": false
            },
            "foreign": {
                "services": {
                    "dockingService": {
                        "canGroup": true,
                        "isArrangable": true
                    }
                },
                "components": {
                    "App Launcher": {
                        "launchableByUser": true
                    },
                    "Window Manager": {
                        "FSBLHeader": true,
                        "persistWindowState": true
                    },
                    "Toolbar": {
                        "iconClass": "yellowfinLauncher"
                    }
                }
            }
        },
        "Yellowfin Report Launcher Localhost": {
            "window": {
                "url": "$applicationRoot/components/yellowfin/launcherLocal/launcherLocal.html",
                "frame": false,
                "resizable": true,
                "autoShow": true,
                "top": "center",
                "left": "center",
                "width": 300,
                "height": 400
            },
            "component": {
                "inject": false
            },
            "foreign": {
                "services": {
                    "dockingService": {
                        "canGroup": true,
                        "isArrangable": true
                    }
                },
                "components": {
                    "App Launcher": {
                        "launchableByUser": false
                    },
                    "Window Manager": {
                        "FSBLHeader": true,
                        "persistWindowState": true
                    },
                    "Toolbar": {
                        "iconClass": "yellowfinLauncherLocal"
                    }
                }
            }
        },
        "Yellowfin filter context tester": {
            "window": {
                "url": "$applicationRoot/components/yellowfin/filterStatus/filterStatus.html",
                "frame": false,
                "resizable": true,
                "autoShow": true,
                "top": "center",
                "left": "center",
                "width": 400,
                "height": 500
            },
            "component": {
                "inject": false
            },
            "foreign": {
                "services": {
                    "dockingService": {
                        "canGroup": true,
                        "isArrangable": true
                    }
                },
                "components": {
                    "App Launcher": {
                        "launchableByUser": true
                    },
                    "Window Manager": {
                        "FSBLHeader": true,
                        "persistWindowState": true,
                        "showLinker": true
                    },
                    "Toolbar": {
                        "iconClass": "yellowfinFilterStatus"
                    }
                }
            }
        }
    }
}
